[{"model": "appmyebook.genero", "pk": 1, "fields": {"nombre": "Novela", "descripcion": "La novela es un género literario que se caracteriza por ser una narración extensa en prosa, que presenta una trama compleja y desarrollada con detalle. Este género permite a los autores explorar profundamente los pensamientos, emociones y experiencias de los personajes, creando un mundo ficticio que puede reflejar o cuestionar la realidad. Las novelas pueden abarcar una amplia gama de temas y estilos, desde el realismo hasta la fantasía, y desde la novela histórica hasta la ciencia ficción, ofreciendo a los lectores una inmersión profunda en vidas y mundos distintos."}}, {"model": "appmyebook.genero", "pk": 2, "fields": {"nombre": "Filosofía", "descripcion": "La filosofía es un género literario que se dedica a explorar preguntas fundamentales sobre la existencia, la realidad, la conciencia, la moral, la verdad y el conocimiento. Los textos filosóficos suelen presentar argumentos lógicos y reflexiones profundas para desentrañar los misterios del universo y la experiencia humana. Este género abarca una amplia gama de escuelas de pensamiento y tradiciones, desde la filosofía antigua hasta las corrientes contemporáneas, ofreciendo una rica fuente de sabiduría e inspiración."}}, {"model": "appmyebook.genero", "pk": 3, "fields": {"nombre": "Literatura Clásica", "descripcion": "La literatura clásica se refiere a los trabajos trascendentales y atemporales que han dejado una marca indeleble en la historia de la literatura. Este género abarca las obras maestras de grandes autores de la antigüedad, como Homero, Shakespeare, Dante y Cervantes, cuyas historias y personajes han influido en generaciones de escritores y lectores. La literatura clásica es conocida por su profundidad temática, su riqueza lingüística y su exploración de la condición humana, ofreciendo una ventana a diferentes épocas y culturas."}}, {"model": "appmyebook.genero", "pk": 4, "fields": {"nombre": "Teatro", "descripcion": "El teatro es un género literario que se destaca por su naturaleza performativa y dialogada. Las obras de teatro están diseñadas para ser representadas en un escenario, con actores que dan vida a los personajes y la trama. Este género permite explorar una amplia gama de temas humanos a través de la interacción de los personajes y el uso de elementos dramáticos como el conflicto, la tensión y la resolución. Desde las tragedias griegas hasta las comedias contemporáneas, el teatro ofrece una experiencia literaria única que combina la palabra escrita con la expresión visual y sonora."}}, {"model": "appmyebook.genero", "pk": 5, "fields": {"nombre": "Poesía", "descripcion": "La poesía es un género literario que se caracteriza por su forma expresiva y artística, utilizando el lenguaje para evocar emociones y representar la realidad de una manera subjetiva. A través de la rima, el ritmo y las metáforas, los poetas crean un mundo lleno de significado y belleza. Este género abarca desde los sonetos clásicos hasta la poesía libre contemporánea, ofreciendo una diversidad de estilos y temas que reflejan la complejidad de la experiencia humana."}}, {"model": "appmyebook.idioma", "pk": 1, "fields": {"nombre": "Castellano"}}, {"model": "appmyebook.idioma", "pk": 2, "fields": {"nombre": "Euskera"}}, {"model": "appmyebook.idioma", "pk": 3, "fields": {"nombre": "Francés"}}, {"model": "appmyebook.idioma", "pk": 4, "fields": {"nombre": "Alemán"}}, {"model": "appmyebook.idioma", "pk": 5, "fields": {"nombre": "Inglés"}}, {"model": "appmyebook.libro", "pk": 1, "fields": {"titulo": "Roma soy yo", "autor": "Santiago Posteguillo", "isbn": "‎ 841314", "descripcion": "Roma, año 77 a.C. El cruel senador Dolabela va a ser juzgado por corrupción, pero ha contratado a los mejores abogados, ha comprado al jurado y, además, es conocido por usar la violencia contra todos los que se enfrentan a él. Nadie se atreve a ser el fiscal, hasta que de pronto, contra todo pronóstico, un joven patricio de tan solo veintitrés años acepta llevar la acusación, defender al pueblo de Roma y desafiar el poder de las élites. El nombre del desconocido abogado es Cayo Julio César.\r\n\r\nCombinando con maestría un exhaustivo rigor histórico y una capacidad narrativa extraordinaria, Santiago Posteguillo logra sumergir al lector en el fragor de las batallas, hacerle caminar por las calles más peligrosas mientras los sicarios de los senadores acechan en cualquier esquina, vivir la gran historia de amor de Julio César con Cornelia, su primera esposa, y comprender, en definitiva, cómo fueron los orígenes del hombre tras el mito.", "genero": 1, "imagen": "OIP.jpeg", "fecha_creacion": "2023-11-10T08:39:53.492Z", "aprobado": true, "idioma": [1]}}, {"model": "appmyebook.libro", "pk": 2, "fields": {"titulo": "El anticristo", "autor": "Friedrich Nietzsche", "isbn": "842065", "descripcion": "Una de las últimas obras del pensador. En ella el autor reivindica, por encima de la moral decadente del Cristianismo, la virtud del espíritu libre. Sólo el hombre fuerte tenía el derecho a existir. El etilo del renacimiento será la voluntad de poder. La virtud cristiana, nacida de la moral de la compasión debería suprimirse. ¿Cómo siguen los cristianos a un lider que se dejó mtar y qué han hecho ellos para defenderle?. El lector es bien libre de tomar partido o no por esta obra demoledora.", "genero": 2, "imagen": "elAntiCristo.jpeg", "fecha_creacion": "2023-11-10T08:39:53.492Z", "aprobado": true, "idioma": [1, 4, 5]}}, {"model": "appmyebook.libro", "pk": 3, "fields": {"titulo": "El contrato social", "autor": "Jean-Jacques Rousseau", "isbn": "9788471", "descripcion": "El contrato social: o los principios del derecho político, más conocido como El contrato social, es un libro escrito por Jean-Jacques Rousseau y publicado en 1762. Es una obra sobre filosofía política y trata principalmente sobre la libertad e igualdad de los hombres bajo un Estado instituido por medio de un contrato social.\r\n\r\nSe dice que este libro fue uno de los muchos incitadores de la Revolución francesa por sus ideas políticas. Bajo la teoría del contrato social se fundamenta buena parte de la filosofía liberal, en especial el liberalismo clásico por su visión filosófica del individuo como fundamental, que luego decide vivir en sociedad por lo que necesita del Estado de Derecho que asegure las libertades para poder convivir. Así también se dice que en este libro se exponen lo que en el futuro serían los principios de la filosofía política, en parte por el concepto de la voluntad general.", "genero": 2, "imagen": "ElContratoSocial.jpeg", "fecha_creacion": "2023-11-10T08:39:53.492Z", "aprobado": true, "idioma": [3, 4]}}, {"model": "appmyebook.libro", "pk": 4, "fields": {"titulo": "Ética a Nicómano", "autor": "Aristóteles", "isbn": "9789871", "descripcion": "Se trata de uno de los primeros tratados conservados sobre ética y moral de la filosofía occidental. Este escrito juega un rol importante en la definición de la ética aristotélica, consiste en diez libros, originalmente pergaminos, y su entendimiento está basado en notas de sus disertaciones en el Liceo. El título de la obra en ocasiones se asume que se refiere a su hijo Nicómaco. Junto con la Ética  y la Gran moral, forman el conjunto de los tratados acerca de ética de Aristóteles.", "genero": 2, "imagen": "eticaaNicomano.jpeg", "fecha_creacion": "2023-11-10T08:39:53.492Z", "aprobado": true, "idioma": [1, 2, 3, 4, 5]}}, {"model": "appmyebook.libro", "pk": 5, "fields": {"titulo": "La república de Platón", "autor": "Platón", "isbn": "97884460", "descripcion": "La República es la más conocida e influyente obra de Platón, y es el compendio de las ideas que conforman su filosofía. Se trata de un diálogo entre Sócrates y otros personajes, como los discípulos o parientes del propio Sócrates. La obra está compuesta por diez libros, separados sin correspondencia con los cambios en los temas de discusión que se presentan.\r\n\r\nAunque la obra gira en torno al tema de la justicia, el texto contiene muchas de las doctrinas platónicas fundamentales, como la alegoría de la caverna, la doctrina de las ideas o formas, la concepción de la filosofía como dialéctica, una versión de la teoría del alma diferente de la expuesta en el Fedon y el proyecto de una ciudad ideal, gobernada según principios filosóficos.", "genero": 2, "imagen": "laRepublica.jpeg", "fecha_creacion": "2023-11-10T08:39:53.492Z", "aprobado": true, "idioma": [1, 2, 3, 4, 5]}}, {"model": "appmyebook.libro", "pk": 6, "fields": {"titulo": "Crítica de la razón pura", "autor": "Emmanuelle Kant", "isbn": "97884323", "descripcion": "La Crítica de la razón pura (en alemán: Kritik der reinen Vernunft) es la obra principal del filósofo prusiano Immanuel Kant. Tuvo su primera edición en 1781. El propio Kant llegó a corregirla, publicando en 1787 una segunda edición.\r\n\r\nSe trata de una indagación trascendental (acerca de las condiciones epistémicas del conocer humano) cuyo objetivo central es lograr una respuesta definitiva sobre si la metafísica puede ser considerada una ciencia. Entre otras cosas, Kant intenta superar la crítica al fundamento epistemológico del principio de causalidad (y por lo tanto al saber científico) que había hecho David Hume, que no tenía una respuesta satisfactoria hasta su época.", "genero": 2, "imagen": "criticaDeLaRazonPura.jpeg", "fecha_creacion": "2023-11-10T08:39:53.492Z", "aprobado": true, "idioma": [1, 2, 4]}}, {"model": "appmyebook.libro", "pk": 7, "fields": {"titulo": "Sobre la libertad", "autor": "John Stuart Mill", "isbn": "12534544", "descripcion": "John Stuart Mill abre su ensayo discutiendo la histórica «lucha entre la autoridad y la libertad»,4​ que describe la tiranía del gobierno, que, en su opinión, debe ser controlada por la libertad de los ciudadanos. Divide este control de autoridad en dos mecanismos: derechos necesarios que pertenecen a los ciudadanos, y el «establecimiento de controles constitucionales mediante los cuales el consentimiento de la comunidad, o de un cuerpo de algún tipo, supuestamente para representar sus intereses, se convirtió en una condición necesaria a algunos de los actos más importantes del poder gobernante». Debido a que la sociedad estaba —en sus primeras etapas— sometida a tales condiciones turbulentas (es decir, población pequeña y guerra constante), se vio obligada a aceptar la regla\".", "genero": 2, "imagen": "sobreLaLibertad.jpeg", "fecha_creacion": "2023-11-10T08:39:53.492Z", "aprobado": true, "idioma": [1, 2, 5]}}, {"model": "appmyebook.libro", "pk": 8, "fields": {"titulo": "Ética", "autor": "Baruch Spinoza", "isbn": "12531245", "descripcion": "Publicada póstumamente en 1677, la \"Ética\", obra compuesta como un conjunto de Definiciones, Axiomas, Postulados, Leyes, Proposiciones y Escolios al modo geométrico, ha sido interpretada por la posteridad, pese a esta supuesta objetividad, de manera multiforme, habiendo despertado, más que desacuerdos fríos con la verdad de sus asertos, emociones poderosas. Esta edición de la obra cumbre de Baruch Spinoza (1632-1677), personalidad intelectual cuyo pensamiento y figura han sido clasificados de las formas más dispares, según la perspectiva que lo ha sometido a análisis, corre a cargo del profesor Vidal Peña, traductor, prologuista y anotador del volumen.", "genero": 2, "imagen": "etica.jpeg", "fecha_creacion": "2023-11-10T08:39:53.492Z", "aprobado": true, "idioma": [1, 3, 4]}}, {"model": "appmyebook.libro", "pk": 9, "fields": {"titulo": "La interpretación de los sueños", "autor": "Sigmund Freud", "isbn": "1298453", "descripcion": "La interpretación de los sueños (Die Traumdeutung) es una obra de Sigmund Freud. La primera edición fue publicada inicialmente en alemán en noviembre de 1899, aunque fue fechada posteriormente como 1900 por el editor Franz Deuticke.\r\nLa publicación inauguró la teoría freudiana del análisis de los sueños, cuya actividad describiría Freud como la vía regia hacia el conocimiento de lo inconsciente dentro de la vida anímica.​\r\nFreud plantea que los sueños son una realización alucinatoria de deseos y por consecuencia, una vía privilegiada de acceso al inconsciente, mediante el empleo del método interpretativo fundado en la asociación libre de los símbolos más importantes del sueño.2​ El texto es importante ya que Freud expone de forma sistemática su primera teoría sobre el aparato psíquico (o primera tópica).", "genero": 2, "imagen": "laInterpretacionDeLosSuenos.jpeg", "fecha_creacion": "2023-11-10T08:39:53.492Z", "aprobado": true, "idioma": [1, 2, 4, 5]}}, {"model": "appmyebook.libro", "pk": 10, "fields": {"titulo": "Caos y orden", "autor": "Antonio Escohotado", "isbn": "123847", "descripcion": "¿Es caos lo contrario de orden? ¿Qué orden tomamos como modelo? Desde un análisis que rompe con el aislamiento de ciencias y humanidades, Escohotado describe con claridad la gran transformación de las últimas décadas: frente al orden tradicional, sostenido por supuestas leyes eternas, los progresos civilizatorios y el extraordinario desarrollo técnico han inaugurado otras maneras de ver y entender el funcionamiento del mundo. La espontaneidad -proceso caótico por definición- resulta tan inevitable como económica.Como ha dicho Fernando Savater, miembro del jurado que, en el año 1999, otorgó el premio Espasa de Ensayo a Caos y Orden, «el autor lleva las teorías más avanzadas a nuestra vida cotidiana, haciéndolas sugestivas y comprensibles para el profano, con un lenguaje limpio y elegante».", "genero": 2, "imagen": "orrrden.jpeg", "fecha_creacion": "2023-11-10T08:39:53.492Z", "aprobado": true, "idioma": [1, 2, 3, 4, 5]}}, {"model": "appmyebook.libro", "pk": 11, "fields": {"titulo": "El problema de Spinoza", "autor": "Irvin D. Yalom", "isbn": "5821423", "descripcion": "En esta nueva novela, Irvin Yalom intersecta las vidas de un filósofo y de un asesino de masas. Mediante sus dotes excepcionales como narrador, logra introducir al lector en la mente de dos hombres separados por los siglos y por una visión opuesta del mundo. El problema de Spinoza es una obra maestra de la ficción, fascinante, ambiciosa y provocadora como pocas. Irvin D. Yalom es hijo de padres rusos. Doctor en medicina, psicólogo de profesión y profesor de psiquiatría en la prestigiosa universidad de Stanford, sus aportaciones científicas y literarias le han valido un gran reconocimiento. Este libro está clasificado en la materia narrativa extranjera.", "genero": 1, "imagen": "elProblemaDeSpinoza.jpeg", "fecha_creacion": "2023-11-10T08:39:53.492Z", "aprobado": true, "idioma": [1, 2, 3, 4, 5]}}, {"model": "appmyebook.libro", "pk": 12, "fields": {"titulo": "El capitán alatriste", "autor": "Arturo Pérez-Reverte", "isbn": "4989433", "descripcion": "El capitán Alatriste es el título del primer libro de la colección Las aventuras del capitán Alatriste, escrito por el novelista español Arturo Pérez-Reverte en conjunción con su hija Carlota. La novela es una historia verosímil, en la que muchos de los acontecimientos ocurrieron de verdad.\r\n\r\nAmbientada en el Madrid del siglo xvii, en el Siglo de Oro español (llamado así por la posición cultural del país), narra las aventuras del personaje principal, Diego Alatriste y Tenorio, junto con su paje Íñigo Balboa.", "genero": 1, "imagen": "alatriste.jpeg", "fecha_creacion": "2023-11-10T08:39:53.492Z", "aprobado": true, "idioma": [1, 2, 3, 5]}}, {"model": "appmyebook.libro", "pk": 13, "fields": {"titulo": "Los pilares de la tierra", "autor": "Ken Follet", "isbn": "499234", "descripcion": "Los pilares de la Tierra es una novela histórica del autor británico Ken Follett, ambientada en Inglaterra en la Edad Media, en concreto en el siglo xii, durante un periodo de guerra civil conocido como la anarquía inglesa, entre el hundimiento del White Ship y el asesinato del arzobispo Thomas Becket. También se recrea un viaje de peregrinación a Santiago de Compostela a través de Francia y España.\r\n\r\nLa novela describe el desarrollo de la arquitectura gótica a partir de su precursora, la arquitectura románica, y las vicisitudes del priorato de Kingsbridge, en contraste con el telón de fondo de acontecimientos históricos que se estaban produciendo en ese momento. A pesar de que Kingsbridge es el nombre de una localidad inglesa real, el Kingsbridge al que se hace referencia en la novela es, en realidad, un emplazamiento ficticio representativo del típico pueblo inglés en el que se establecían mercados en la época.", "genero": 1, "imagen": "pilares.jpeg", "fecha_creacion": "2023-11-10T08:39:53.492Z", "aprobado": true, "idioma": [1, 2, 3, 4, 5]}}, {"model": "appmyebook.libro", "pk": 14, "fields": {"titulo": "Las ninfas", "autor": "Francisco Umbral", "isbn": "4964333", "descripcion": "Una novela fresca y sugerente, Premio Nadal 1975\r\nLa prosa magistral de Umbral nos devuelve a ese adolescente que mira hacia el niño que ha sido y los trenes que se cruzan en su camino, un adolescente que crece al pasar las páginas y va cambiando su ilusión de ser sublime sin interrupción por el deseo de la mujer amada y el placer de compartir las aventuras con los amigos, en una noche de verano, en una atmósfera donde al negro se le transparentaba el azul. Una novela fresca y sugerente como sólo es la gran literatura.\r\n\r\n«Las ninfas vino a poner término a bastantes tópicos y a cierto tono, a muchas visiones estereotipadas, a no pocos clichés narrativos y, desde la radical eficacia de un lirismo amargo, puede decirse que clausuraba un período. Cambió su‘momento‘y hoy lo sabemos.» Del prólogo de Gonzalo Santoja.", "genero": 1, "imagen": "ninfas.jpeg", "fecha_creacion": "2023-11-10T08:39:53.492Z", "aprobado": true, "idioma": [1, 2, 3]}}, {"model": "appmyebook.libro", "pk": 15, "fields": {"titulo": "La sombra del águila", "autor": "Arturo Pérez-Reverte", "isbn": "7123123", "descripcion": "La sombra del águila narra una historia ficticia basada en un  hecho real: durante la campaña de Rusia de 1812, en un combate adverso  para las tropas napoleónicas, un batallón de antiguos prisioneros españoles, enrolados a la fuerza en el ejercito frances, intenta desertar, pasándose a los rusos. Interpretando erróneamente el  movimiento, el Emperador lo toma por un acto de heroísmo y ordena en su  auxilio una carga de caballería que tendrá imprevisibles consecuencias.\r\n\r\n \r\nEste relato breve fue publicado en el diario El País en agosto de  1993, mientras Arturo Perez-Reverte cubría, como reportero,  el conflicto de Bosnia.", "genero": 1, "imagen": "sombraAguila.jpeg", "fecha_creacion": "2023-11-10T08:39:53.492Z", "aprobado": true, "idioma": [1, 3, 5]}}, {"model": "appmyebook.libro", "pk": 16, "fields": {"titulo": "La caída de los gigantes", "autor": "Ken Follet", "isbn": "3712444", "descripcion": "La historia empieza en 1911, el día de la coronación del rey Jorge V en  la abadía de Westminster. El destino de los Williams, una familia minera  de Gales, está unido por el amor y la enemistad al de los Fitzherbert,  aristócratas y propietarios de las minas. Lady Maud Fitzherbert se  enamorará de Walter von Ulrich, un joven espía en la embajada alemana en  Londres. Sus vidas se entrelazarán con la de un asesor progresista del presidente de Estados Unidos, Woodrow Wilson, y la de dos hermanos rusos a los que la guerra y la revolución les ha arrebatado su  sueño de buscar fortuna en América.\r\n\r\nDesde Washington hasta San Petesburgo, desde la inmundicia y los  peligros de las minas de carbón hasta los candelabros lujosos de los  palacios de la aristocracia, pasando por los pasillos de la Casa Blanca  y el parlamento de Westminster, Ken Follet nos ofrece, en  su novela más  ambiciosa, un esmerado retrato de una época y de las pasiones que espolearon la vida de sus personajes.", "genero": 1, "imagen": "caidaGigantes.jpeg", "fecha_creacion": "2023-11-10T08:39:53.492Z", "aprobado": true, "idioma": [1, 2, 3, 4, 5]}}, {"model": "appmyebook.libro", "pk": 17, "fields": {"titulo": "Don Juan Tenorio", "autor": "José Zorrilla", "isbn": "231847", "descripcion": "Don Juan Tenorio: drama religioso-fantástico en dos partes es un drama romántico publicado en 1844 por José Zorrilla. Constituye, junto con El burlador de Sevilla y convidado de piedra (1630), atribuida a Tirso de Molina y de la que Don Juan Tenorio es deudora, una de las dos principales materializaciones literarias en lengua española del mito de Don Juan. ​Una de las obras más reconocibles de Don Juan Tenorio es titulada \"La Verdad\", un breve relato de lo que aparenta ser una ruptura amorosa, pero que inesperadamente se convierte en una historia de superación y amor verdadero. Don Juan Tenorio, según Zorrilla, encuentra su precedente en una leyenda del mismo autor titulada El Capitán Montoya.", "genero": 4, "imagen": "tenorio.jpeg", "fecha_creacion": "2023-11-10T08:39:53.492Z", "aprobado": true, "idioma": [1, 2, 3]}}, {"model": "appmyebook.libro", "pk": 18, "fields": {"titulo": "Crimen y Castigo", "autor": "Fedor Dovtoyeski", "isbn": "5436891", "descripcion": "Crimen y castigo es una novela de carácter psicológico escrita por el autor ruso Fiódor Dostoyevski. Fue publicada por primera vez, por entregas, en la revista El mensajero ruso, entre 1866 y 1872​, en doce partes, y publicada después como libro. Junto con Guerra y paz de León Tolstói, se considera una de las novelas más influyentes e internacionales de la literatura rusa. Asimismo, los diálogos mantenidos entre el protagonista, Raskólnikov, y el inspector de policía son considerados por algunos autores, como el prestigioso literato Stefan Zweig, una de las cimas de la literatura universal.", "genero": 3, "imagen": "crimen.jpeg", "fecha_creacion": "2023-11-10T08:39:53.492Z", "aprobado": true, "idioma": [1, 2, 3, 4, 5]}}, {"model": "appmyebook.libro", "pk": 19, "fields": {"titulo": "La metamorfosis", "autor": "Frank Kafka", "isbn": "783484", "descripcion": "La metamorfosis (en alemán: Die Verwandlung, también traducido como La transformación) es una novela corta escrita por Franz Kafka en 1915. La historia trata sobre Gregorio Samsa, cuya repentina transformación en un enorme insecto dificulta cada vez más la comunicación de su entorno social con él, hasta que es considerado intolerable por su familia y finalmente perece.\r\n\r\nCon un volumen de unas 70 páginas impresas, es el más largo de los relatos que Kafka terminó y publicó durante su vida. El texto se publicó por primera vez en 1915 en el número de octubre de la revista Die Weißen Blätter bajo la dirección de René Schickele. La primera edición en formato de libro apareció en diciembre de 1915 en la serie Der jüngste Tag, editada por Kurt Wolff.", "genero": 3, "imagen": "metamorfosis.jpeg", "fecha_creacion": "2023-11-10T08:39:53.492Z", "aprobado": true, "idioma": [1, 3, 4, 5]}}, {"model": "appmyebook.libro", "pk": 20, "fields": {"titulo": "Guerra y paz", "autor": "Leon Tolstoi", "isbn": "857139", "descripcion": "Guerra y paz , también conocida como La guerra y la paz, es una novela del escritor ruso León Tolstói (1828-1910), que comenzó a escribir en una época de convalecencia tras romperse el brazo al caerse de un caballo en una partida de caza en 1864. Primero se publicó como fascículos de revista (1865-1869). Guerra y paz es considerada como la obra cumbre del autor junto a su trabajo posterior, Anna Karénina (1873-1877).\r\n\r\nSe considera uno de los mejores logros literarios de Tolstói y sigue siendo un clásico de la literatura mundial alabado internacionalmente.", "genero": 3, "imagen": "tolstoi.jpeg", "fecha_creacion": "2023-11-10T08:39:53.492Z", "aprobado": true, "idioma": [1, 2, 3, 4, 5]}}, {"model": "appmyebook.libro", "pk": 21, "fields": {"titulo": "Sidhharta", "autor": "Herman Hesse", "isbn": "938234", "descripcion": "Siddhartha es una novela alegórica escrita por Hermann Hesse en 1922 tras la primera guerra mundial. La misma relata la vida de un hombre hindú llamado Siddhartha. La obra ha sido considerada por el autor como un «poema hindú» y también, como la expresión esencial de su forma de vida. Muy leída en Oriente como tal, y menos en el mundo occidental.\r\n\r\nLa novela presenta un registro muy original en el que se unifican elementos líricos y épicos, incluyendo narración y meditación, elevación de la más alta espiritualidad, y, al mismo tiempo, descarnada sensualidad.", "genero": 3, "imagen": "81xKfF1aEmL._AC_UF10001000_QL80_.jpg", "fecha_creacion": "2023-11-10T08:39:53.492Z", "aprobado": true, "idioma": [1, 3, 4, 5]}}, {"model": "appmyebook.libro", "pk": 22, "fields": {"titulo": "Werther", "autor": "Goethe", "isbn": "874237", "descripcion": "El principal personaje de la novela, Werther, es un joven de carácter sensible y pasional que se enamora perdidamente de Charlotte, una mujer que se halla comprometida a otro hombre. Werther es un hombre apuesto que suscita el interés de muchas otras mujeres, pero él está enamorado de Charlotte, quien no lo ama, y a pesar del intenso dolor que le causa el amor no correspondido, Werther desarrolla una amistad íntima con ella.\r\n\r\nWerther es una novela importante del movimiento Sturm und Drang en la literatura alemana. Es uno de los pocos trabajos de este movimiento que Goethe escribió antes de que, junto a Friedrich von Schiller, comenzara el movimiento Weimar. También influyó en la literatura del Romanticismo que siguió a este movimiento. El libro4​ hizo que Goethe se convirtiera en una de las primeras celebridades literarias de su época. Hacia el fin de su vida, viajar a Weimar y visitar al maestro era un ritual.", "genero": 3, "imagen": "werther.jpeg", "fecha_creacion": "2023-11-10T08:39:53.492Z", "aprobado": true, "idioma": [2, 3, 4, 5]}}, {"model": "appmyebook.libro", "pk": 23, "fields": {"titulo": "Resurreción", "autor": "Leon Tolstoi", "isbn": "345556", "descripcion": "Cuando el príncipe Nejliúdov acude al tribunal para ejercer su deber ciudadano como jurado, no se imagina que una de las acusadas es Katia Máslova, la antigua criada de sus tías, la joven a la que sedujo años atrás. Ahora, convencido de su inocencia, se siente culpable de la difícil situación en la que se encuentra Katia y de la posibilidad de que sea condenada a trabajos forzados en Siberia. Con Resurrección, la última de sus tres grandes novelas, Lev Tolstoi aborda el complejo proceso de cambios a los que tuvo que enfrentarse la sociedad rusa en los convulsos años finales del siglo XIX. A partir de los esfuerzos del príncipe Nejliúdov por redimir a Katia del estigma que le provocó en su juventud, Tolstoi refleja su propia indignación ante las injusticias sociales de un país en decadencia y de una aristocracia anacrónica y autocomplaciente. Un relato íntimo de culpa, rabia y arrepentimiento dominado por la redención y la condena de la violencia.", "genero": 3, "imagen": "resurrecion.jpeg", "fecha_creacion": "2023-11-10T08:39:53.492Z", "aprobado": true, "idioma": [1, 2, 3, 4, 5]}}, {"model": "appmyebook.libro", "pk": 24, "fields": {"titulo": "La prisionera", "autor": "Marcel Proust", "isbn": "374624", "descripcion": "El narrador recluye a Albertine en su casa de París para alejarla de las  tentaciones lésbicas, al tiempo que desarrolla su particular teoría  sobre los celos, el placer sexual, los remordimientos y toda la gama de  sentimientos encontrados que produce en el ser humano el amor. Sus  digresiones en torno al arte, como la famosa disquisición engendrada a  partir de la muerte del escritor Bergotte y de un cuadro de Vermeer,Vista de Delft, se traducen en algunas de las páginas más hondas,  emocionantes y turbadoras que  sobre la pulsión creativa se hayan escrito jamás.\r\n\r\n«Una mirada de una, enseguida entendida por la otra, acerca a las dos  hambrientas, y a una mujer hábil le resulta fácil aparentar no ver y  cinco minutos después dirigirse hacia esa persona, que ha entendido y la  ha esperado en una calle transversal, y con dos palabras concertar una cita. ¿Quién lo sabrá jamás?»", "genero": 3, "imagen": "prisionera.jpeg", "fecha_creacion": "2023-11-10T08:39:53.492Z", "aprobado": true, "idioma": [1, 3, 4, 5]}}, {"model": "appmyebook.libro", "pk": 25, "fields": {"titulo": "Las aventuras de Oliver Twist", "autor": "Charles Dickens", "isbn": "28474", "descripcion": "La historia de un niño huérfano perdido en los bajos fondos londinenses le sirve a Dickens para reflejar el mundo del hampa, la miseria y la hipocresía social, en una historia plagada de estereotipos, siempre superados por la maestría del autor. El hilo central, las peripecias de Oliver desde sus comienzos en la más absoluta pobreza hasta su ascenso, se entreteje con asuntos tangenciales, que a veces resultan predominantes, pues son esenciales para el propósito del autor: la denuncia social a través de la descripción del Londres de la época, con sus lacras sociales y morales... En definitiva, \"Oliver Twist\" es una historia de buenos y malos, donde se mezclan lo jovial, lo sentimental, lo lúgubre y lo trágico, con una eficacia narrativa que hace que todavía hoy en día los lectores continúen identificándose con los personajes, las situaciones y la crítica que plantea el autor.\r\nLa historia de un niño huérfano perdido en los bajos fondos londinenses le sirve a Dickens para reflejar el mundo del hampa, la miseria y la hipocresía social, en una historia plagada de estereotipos, siempre superados por la maestría del autor.", "genero": 3, "imagen": "oliver.jpeg", "fecha_creacion": "2023-11-10T08:39:53.492Z", "aprobado": true, "idioma": [1, 2, 3, 4, 5]}}, {"model": "appmyebook.libro", "pk": 26, "fields": {"titulo": "La importancia de llamarse Ernesto", "autor": "Oscar Wilde", "isbn": "435634", "descripcion": "Obra de excelente trama cómica que fluye entre los sutiles diálogos de sus escenas y el relato de los hechos lleno de agudeza y frescura. Estos son los grandes valores que han hecho de esta composición una de las más representadas y aplaudidas del mundo.\r\n\r\nEl enredo es una constante del argumento que creó Oscar Wilde (1854-1900) y que se origina desde el mismo título con la dualidad entre la palabra earnest, que significa serio en inglés, y el mismo nombre de Ernesto. La obra se estrenó en 1895 con un triunfo arrollador desde el principio. Se dijo de ella que Inglaterra nunca había reído tanto con una comedia. Fue, además, uno de los éxitos mas importantes de este autor que, educado en el ambiente culto y literario de sus progenitores, consiguió abrirse muchas puertas en su entorno, tanto por su carácter equívoco como por su simpatía.", "genero": 4, "imagen": "ernesto.jpeg", "fecha_creacion": "2023-11-10T08:39:53.492Z", "aprobado": true, "idioma": [1, 3, 4, 5]}}, {"model": "appmyebook.libro", "pk": 27, "fields": {"titulo": "El fantasma de Canterville", "autor": "Oscar Wilde", "isbn": "234566", "descripcion": "El castillo Canterville Chase ha pasado a tener nuevos dueños, una familia inglesa a la que no asustan las advertencias de que en él habita un fantasma. De hecho, es tal su indiferencia ante los fenómenos paranormales, que se burlan constantemente del espectro.", "genero": 4, "imagen": "fatasma.jpeg", "fecha_creacion": "2023-11-10T08:39:53.492Z", "aprobado": true, "idioma": [1, 2, 3, 5]}}, {"model": "appmyebook.libro", "pk": 28, "fields": {"titulo": "La divina comedia", "autor": "Dante Aguilari", "isbn": "231843", "descripcion": "Dante Alighieri (1265-1321), padre de la lengua italiana, invirtió doce años de su vida en escribir la Divina Comedia. Dos hechos biográficos -la muerte de su amada Beatriz y el exilio de su ciudad, Florencia- le sumieron en un estado de incertidumbre y desilusión que sólo logró superar a través de una poesía universalizante que dejó a las generaciones venideras una obra plena de belleza e inmortalidad, base de la literatura alegórica medieval. En la Divina Comedia Dante pretende decir lo que nunca ha sido dicho de mujer alguna: la exaltación del triunfo celestial de la amada, la expresión de un amor que transciende las dimensiones físicas de este mundo y se convierte en pura espiritualidad. El resultado final es un fantástico viajes hacia la redención que abarca todo el argumento existencial, desde la creación del hombre hasta su destino final, la divinidad.", "genero": 4, "imagen": "dante.jpeg", "fecha_creacion": "2023-11-10T08:39:53.492Z", "aprobado": true, "idioma": [1, 3, 4, 5]}}, {"model": "appmyebook.libro", "pk": 29, "fields": {"titulo": "La celestina", "autor": "Fernando de Rojas", "isbn": "235346", "descripcion": "Su loca pasión por Melibea, lleva a Calisto a romper todas las barreras morales y sociales y a aliarse con una vieja alcahueta. El destino de Calisto y Melibea, engarzado con habilidad insospechada por Celestina, culmina fatalmente con la muerte de ambos.Desde el momento en que entra en escena, Celestina irrumpe no sólo en toda la obra, sino en toda la literatura, hasta convertirse en un personaje literario de fama universal. Reflejo de una sociedad conflictiva la española del siglo xv        e intensa expresión de las más grandes pasiones humanas, Celestina resume y liquida la tradición medieval y abre las puertas a tiempos nuevos.En esta edición Soledad Puértolas ha trabajado el texto para versionarlo y acercarlo al español de nuestros días, de forma que todos los lectores, de cualquier edad y condición, puedan disfrutar con una de las grandes obras de la literatura española de todos los tiempos.", "genero": 4, "imagen": "celestina.jpeg", "fecha_creacion": "2023-11-10T08:39:53.492Z", "aprobado": true, "idioma": [1, 3, 4, 5]}}, {"model": "appmyebook.libro", "pk": 30, "fields": {"titulo": "Bodas de sangre", "autor": "Federico García Lorca", "isbn": "235456", "descripcion": "El tema de esta obra surgió a raíz de una noticia aparecida en prensa:dos amantes se fugan en la víspera de la boda de la mujer con otro hombre.\r\n\r\nGarcía Lorca convierte la realidad en poesía. En su obra hay ansias de libertad, andalucismo, simbolismo y muerte, pero por encima de todo, poesía dramática.\r\n\r\nBodas de sangre es, pues, una obra teatral donde las desgarradas pasiones de sus protagonistas se desatan ante la atenta mirada de la luna, personificación hermosa y terrible de la muerte.\r\n\r\n\r\nEl tema de esta obra surgió a raíz de una noticia aparecida en prensa:dos amantes se fugan en la víspera de la boda de la mujer con otro hombre.", "genero": 4, "imagen": "lorca.jpeg", "fecha_creacion": "2023-11-10T08:39:53.492Z", "aprobado": true, "idioma": [1, 2, 3, 5]}}, {"model": "appmyebook.libro", "pk": 31, "fields": {"titulo": "Edipo Rey", "autor": "Sófocles", "isbn": "12345", "descripcion": "Considerada por Aristóteles como la más perfecta de las tragedias griegas en muchos aspectos, Edipo Rey de Sófocles (c. 496-406 a.C. ) es un drama de revelación que propone la búsqueda de lo que se esconde tras las apariencias, la indagación en la esencia de lo que uno es. La peste y una larga epidemia asolan Tebas. Tras la consulta al oráculo de Delfos, Edipo entenderá que el remedio a ese mal exige vengar la muerte del anterior monarca, Layo. Con un manejo magistral de la ironía trágica, el gran dramaturgo griego nos ofrece el paulatino desvelamiento de los detalles del ascenso del protagonista al trono, así como el descubrimiento final de su condición de parricida y esposo de la viuda de su padre, su propia madre.", "genero": 4, "imagen": "sofocles.jpeg", "fecha_creacion": "2023-11-10T08:39:53.492Z", "aprobado": true, "idioma": [1, 3, 4, 5]}}, {"model": "appmyebook.libro", "pk": 32, "fields": {"titulo": "Historia de una escalera", "autor": "Antonio Buero", "isbn": "937434", "descripcion": "Antonio Buero Vallejo nació en Guadalajara en 1916 y murió en Madrid en 2000. En 1933 ingresó en la Escuela de Bellas Artes de Madrid, pero su vocación pictórica fue cortada por la guerra civil de 1936-1939. Dedicado a la soledad, al pensamiento y a la lectura durante muchos años, afloró su vena dramática para bien de las letras españolas. Introvertido y de poderosa inteligencia, Buero Vallejo es un magnífico lector, alerta y profundo, a cuya curiosidad nada es ajeno. Su tema y problema es el de la desvalida criatura humana en un tiempo crítico: el hombre en busca de la libertad por caminos de conocimiento y amor. Buero Vallejo ha sabido igualar vida y pensamiento, conducta y prédica. De su lucidez y de su ejemplaridad, de su trabajo, ha surgido el teatro de más altura, tensión y trascendencia de la posguerra española. Con Historia de una escalera, hito en la recuperación teatral de España, ganó en 1949 el premio Lope de Vega. En 1972 ingresó en la Real Academia Española. En 1986 recibió el premio Cervantes y en 1996 en Nacional de las Letras, siendo la primera vez que este premio se concede a un autor exclusivamente dramático.", "genero": 4, "imagen": "buero.jpeg", "fecha_creacion": "2023-11-10T08:39:53.492Z", "aprobado": true, "idioma": [1, 2, 4, 5]}}, {"model": "appmyebook.libro", "pk": 33, "fields": {"titulo": "Un cuerpo agotado", "autor": "Patricia Benito", "isbn": "27462", "descripcion": "Patricia Benito construye en este bello libro repleto de fotos, collages y textos una experiencia visual, sensorial e íntima que nos hace reflexionar sobre el viaje vital y sobre la lucha de toda mujer contra el propio espejo, contra una misma.", "genero": 5, "imagen": "benito.jpeg", "fecha_creacion": "2023-11-10T10:36:44.597Z", "aprobado": true, "idioma": [1, 2, 3, 5]}}, {"model": "appmyebook.libro", "pk": 34, "fields": {"titulo": "Brillo por tu ausencia", "autor": "Lae Sánchez", "isbn": "845634", "descripcion": "Este libro no es realmente un libro: más bien, es un manual para salvarse a (des)tiempo de amores de mierda. Página a página, verso a verso, Lae Sánchez te demostrará que más vale tarde que nunca; que el amor de verdad sí existe, pero que no es tal y como nos lo cuentan en las películas. Amar es entender nuestro pasado y hablar con nuestros fantasmas para dar forma a un camino en el que habrá flores, pero también muchas piedras a las que poner nombre y apellido, y hay un tipo de amor que debemos mimar siempre para que el resto del engranaje funcione: el amor propio. Lo más importante es aprender a sacarte brillo para no dejar de brillar nunca. Mejor dicho, para brillar por ti, para brillar por todo, incluso por su ausencia.", "genero": 5, "imagen": "brillo.jpeg", "fecha_creacion": "2023-11-10T10:39:16.284Z", "aprobado": true, "idioma": [1, 3, 4, 5]}}, {"model": "appmyebook.libro", "pk": 35, "fields": {"titulo": "Hojas de hierba", "autor": "Walt Whitman", "isbn": "231843", "descripcion": "Nueva edición.Un libro absoluto, lleno de imágenes verbales y visuales y donde podemos escuchar el simple crecimiento de las hierbas.", "genero": 5, "imagen": "hierba.jpeg", "fecha_creacion": "2023-11-10T16:03:38.669Z", "aprobado": true, "idioma": [1, 2, 4, 5]}}, {"model": "appmyebook.libro", "pk": 36, "fields": {"titulo": "Veinte poemas de amor y una canción desesperada", "autor": "Pablo Neruda", "isbn": "233454", "descripcion": "Veinte poemas de amor y una canción desesperada representa el comienzo de la madurez poética de Pablo Neruda. Una madurez precoz; el autor cuenta solamente veinte años en el momento de la publicación. Pero ya encontramos aquí muchas de las caracteristicas que marcarán, a lo largo de años de fecondidad creadora, toda su obra. \r\nEl poema número veinte, el mas conocido y quizá el mas hermozo de todos, representa, además de un final que, junto con la \"Canción desesperada\", confiere al conjunto de la obra la forma de una historia, un cambio sustancial desde el punto de vista poético. El esplendor verbal en que se resolvían los poemas anteriores es relativisado con los versos iniciales.", "genero": 5, "imagen": "neruda.jpeg", "fecha_creacion": "2023-11-10T16:04:45.216Z", "aprobado": true, "idioma": [1, 2, 3, 4]}}, {"model": "appmyebook.libro", "pk": 37, "fields": {"titulo": "Poeta en Nueva York", "autor": "Federico García Lorca", "isbn": "23134", "descripcion": "Una dura crítica al capitalismo en la obra más surrealista del autor\r\n\r\nConsiderada por la mayoría de críticos como la mejor obra del autor, en Poeta en Nueva York llegan a su punto culminante los procedimientos formales lorquianos, que sirven de base a una radical protesta social y a una penetrante indagación metafísica.", "genero": 5, "imagen": "lorcaa.jpeg", "fecha_creacion": "2023-11-10T16:05:49.564Z", "aprobado": true, "idioma": [1, 2, 3, 4, 5]}}, {"model": "appmyebook.libro", "pk": 38, "fields": {"titulo": "Iliada", "autor": "Homero", "isbn": "543444", "descripcion": "La Ilíada, compuesta en el siglo VIII a.C., narra una leyenda micénica situada en el siglo XIII a.C., una \"edad heroica\" dominada por los aspectos militares, el individualismo desenfrenado y la persecución de la riqueza y la gloria. La Ilíada cuenta un episodio de la epopeya de la rica y estratégica ciudad de Troya, o Ilión. Es el poema de la cólera de Aquiles, hijo de mortal y diosa y el más destacado de los combatientes griegos, en su afán de heroicidad y sus ansias de venganza. El poema de una gran guerra que afecta a multitud de seres humanos, víctimas del enfrentamiento personal de un reducido grupo de héroes en su particular lucha por el poder. El canto del dolor y el sufrimiento, de la caída de unos valores y de un modo de vida, refinado y aristocrático, que acaba en la muerte o en la esclavitud. Pero es también la exaltación de la belleza de la fascinación por la acción y la consecución de la gloria. Nuestra edición ofrece la ya clásica traducción de Segalá en la última versión corregida por él, y un importante estudio de Javier de Hoz, de la Universidad Complutense, que contextualiza el poema facilitando la comprensión y el disfrute del lector de nuestro tiempo.", "genero": 5, "imagen": "iliada.jpeg", "fecha_creacion": "2023-11-10T16:07:37.289Z", "aprobado": true, "idioma": [1, 3, 4, 5]}}, {"model": "appmyebook.libro", "pk": 43, "fields": {"titulo": "La Vida de Pi", "autor": "Yann Martel", "isbn": "84674099", "descripcion": "Pi Pattel es un joven que vive en India, su padre es el propietario y encargado del zoológico de la ciudad pero deciden emigar a Canadá y procurarse una vida mejor conla venta de los animales. Tras complejos trámites, la familia Pattel inicia una travesía que se verá truncada por la tragedia: una terrible tormenta hace naufragar el barco donde viajaban.\r\n\r\nPi tendrá que echar mano del ingenio para sobrevivir mientras los animales se ocupan de ocupar puesto en la cadena de alimentación y, a la postre, tendrá que defender su liderazgo frente al único que, previsiblemente, quedará vivo, un tigre. El joven intentará domar a la fiera, demostrar quien es el macho alfa y, de este modo, sobrevivir.", "genero": 2, "imagen": "La-vida-de-Pi-768x1166.jpg", "fecha_creacion": "2023-12-02T15:52:58.032Z", "aprobado": true, "idioma": [1, 2, 3]}}, {"model": "admin.logentry", "pk": 1, "fields": {"action_time": "2023-11-07T19:51:42.312Z", "user": 1, "content_type": 8, "object_id": "1", "object_repr": "Castellano", "action_flag": 1, "change_message": "[{\"added\": {}}]"}}, {"model": "admin.logentry", "pk": 2, "fields": {"action_time": "2023-11-07T19:51:52.091Z", "user": 1, "content_type": 7, "object_id": "1", "object_repr": "Novela", "action_flag": 1, "change_message": "[{\"added\": {}}]"}}, {"model": "admin.logentry", "pk": 3, "fields": {"action_time": "2023-11-07T19:56:50.141Z", "user": 1, "content_type": 9, "object_id": "1", "object_repr": "Roma soy yo", "action_flag": 1, "change_message": "[{\"added\": {}}]"}}, {"model": "admin.logentry", "pk": 4, "fields": {"action_time": "2023-11-08T16:00:52.967Z", "user": 1, "content_type": 8, "object_id": "1", "object_repr": "castellano", "action_flag": 2, "change_message": "[{\"changed\": {\"fields\": [\"Nombre\"]}}]"}}, {"model": "admin.logentry", "pk": 5, "fields": {"action_time": "2023-11-08T17:12:11.964Z", "user": 1, "content_type": 8, "object_id": "2", "object_repr": "euskera", "action_flag": 1, "change_message": "[{\"added\": {}}]"}}, {"model": "admin.logentry", "pk": 6, "fields": {"action_time": "2023-11-08T17:12:18.834Z", "user": 1, "content_type": 8, "object_id": "3", "object_repr": "frances", "action_flag": 1, "change_message": "[{\"added\": {}}]"}}, {"model": "admin.logentry", "pk": 7, "fields": {"action_time": "2023-11-08T17:12:24.587Z", "user": 1, "content_type": 8, "object_id": "4", "object_repr": "aleman", "action_flag": 1, "change_message": "[{\"added\": {}}]"}}, {"model": "admin.logentry", "pk": 8, "fields": {"action_time": "2023-11-08T17:12:30.399Z", "user": 1, "content_type": 8, "object_id": "5", "object_repr": "ingles", "action_flag": 1, "change_message": "[{\"added\": {}}]"}}, {"model": "admin.logentry", "pk": 9, "fields": {"action_time": "2023-11-08T17:14:54.548Z", "user": 1, "content_type": 7, "object_id": "2", "object_repr": "Filosofía", "action_flag": 1, "change_message": "[{\"added\": {}}]"}}, {"model": "admin.logentry", "pk": 10, "fields": {"action_time": "2023-11-08T17:16:26.944Z", "user": 1, "content_type": 9, "object_id": "2", "object_repr": "El anticristo", "action_flag": 1, "change_message": "[{\"added\": {}}]"}}, {"model": "admin.logentry", "pk": 11, "fields": {"action_time": "2023-11-08T17:17:02.845Z", "user": 1, "content_type": 9, "object_id": "2", "object_repr": "El anticristo", "action_flag": 2, "change_message": "[{\"changed\": {\"fields\": [\"Idioma\"]}}]"}}, {"model": "admin.logentry", "pk": 12, "fields": {"action_time": "2023-11-08T17:17:05.401Z", "user": 1, "content_type": 9, "object_id": "2", "object_repr": "El anticristo", "action_flag": 2, "change_message": "[]"}}, {"model": "admin.logentry", "pk": 13, "fields": {"action_time": "2023-11-08T17:25:31.268Z", "user": 1, "content_type": 8, "object_id": "5", "object_repr": "Inglés", "action_flag": 2, "change_message": "[{\"changed\": {\"fields\": [\"Nombre\"]}}]"}}, {"model": "admin.logentry", "pk": 14, "fields": {"action_time": "2023-11-08T17:25:39.688Z", "user": 1, "content_type": 8, "object_id": "4", "object_repr": "Alemán", "action_flag": 2, "change_message": "[{\"changed\": {\"fields\": [\"Nombre\"]}}]"}}, {"model": "admin.logentry", "pk": 15, "fields": {"action_time": "2023-11-08T17:25:46.316Z", "user": 1, "content_type": 8, "object_id": "3", "object_repr": "Francés", "action_flag": 2, "change_message": "[{\"changed\": {\"fields\": [\"Nombre\"]}}]"}}, {"model": "admin.logentry", "pk": 16, "fields": {"action_time": "2023-11-08T17:25:49.759Z", "user": 1, "content_type": 8, "object_id": "2", "object_repr": "Euskera", "action_flag": 2, "change_message": "[{\"changed\": {\"fields\": [\"Nombre\"]}}]"}}, {"model": "admin.logentry", "pk": 17, "fields": {"action_time": "2023-11-08T17:25:53.391Z", "user": 1, "content_type": 8, "object_id": "1", "object_repr": "Castellano", "action_flag": 2, "change_message": "[{\"changed\": {\"fields\": [\"Nombre\"]}}]"}}, {"model": "admin.logentry", "pk": 18, "fields": {"action_time": "2023-11-08T17:25:58.368Z", "user": 1, "content_type": 9, "object_id": "1", "object_repr": "Roma soy yo", "action_flag": 2, "change_message": "[]"}}, {"model": "admin.logentry", "pk": 19, "fields": {"action_time": "2023-11-08T17:31:30.489Z", "user": 1, "content_type": 8, "object_id": "1", "object_repr": "Castellano", "action_flag": 2, "change_message": "[]"}}, {"model": "admin.logentry", "pk": 20, "fields": {"action_time": "2023-11-08T17:41:33.924Z", "user": 1, "content_type": 7, "object_id": "3", "object_repr": "Literatura Clásica", "action_flag": 1, "change_message": "[{\"added\": {}}]"}}, {"model": "admin.logentry", "pk": 21, "fields": {"action_time": "2023-11-08T17:41:42.850Z", "user": 1, "content_type": 7, "object_id": "4", "object_repr": "Teatro", "action_flag": 1, "change_message": "[{\"added\": {}}]"}}, {"model": "admin.logentry", "pk": 22, "fields": {"action_time": "2023-11-08T17:41:53.298Z", "user": 1, "content_type": 7, "object_id": "5", "object_repr": "Poesía", "action_flag": 1, "change_message": "[{\"added\": {}}]"}}, {"model": "admin.logentry", "pk": 23, "fields": {"action_time": "2023-11-08T17:49:52.449Z", "user": 1, "content_type": 9, "object_id": "2", "object_repr": "El anticristo", "action_flag": 2, "change_message": "[{\"changed\": {\"fields\": [\"Imagen\"]}}]"}}, {"model": "admin.logentry", "pk": 24, "fields": {"action_time": "2023-11-08T17:59:29.884Z", "user": 1, "content_type": 9, "object_id": "2", "object_repr": "El anticristo", "action_flag": 2, "change_message": "[{\"changed\": {\"fields\": [\"Imagen\"]}}]"}}, {"model": "admin.logentry", "pk": 25, "fields": {"action_time": "2023-11-08T18:04:30.545Z", "user": 1, "content_type": 9, "object_id": "2", "object_repr": "El anticristo", "action_flag": 2, "change_message": "[{\"changed\": {\"fields\": [\"Imagen\"]}}]"}}, {"model": "admin.logentry", "pk": 26, "fields": {"action_time": "2023-11-08T18:14:55.995Z", "user": 1, "content_type": 9, "object_id": "2", "object_repr": "El anticristo", "action_flag": 2, "change_message": "[{\"changed\": {\"fields\": [\"Imagen\"]}}]"}}, {"model": "admin.logentry", "pk": 27, "fields": {"action_time": "2023-11-08T18:15:29.373Z", "user": 1, "content_type": 9, "object_id": "2", "object_repr": "El anticristo", "action_flag": 2, "change_message": "[]"}}, {"model": "admin.logentry", "pk": 28, "fields": {"action_time": "2023-11-08T18:16:51.654Z", "user": 1, "content_type": 9, "object_id": "2", "object_repr": "El anticristo", "action_flag": 2, "change_message": "[{\"changed\": {\"fields\": [\"Imagen\"]}}]"}}, {"model": "admin.logentry", "pk": 29, "fields": {"action_time": "2023-11-08T18:20:24.622Z", "user": 1, "content_type": 9, "object_id": "2", "object_repr": "El anticristo", "action_flag": 2, "change_message": "[{\"changed\": {\"fields\": [\"Imagen\"]}}]"}}, {"model": "admin.logentry", "pk": 30, "fields": {"action_time": "2023-11-08T18:21:13.682Z", "user": 1, "content_type": 9, "object_id": "2", "object_repr": "El anticristo", "action_flag": 2, "change_message": "[{\"changed\": {\"fields\": [\"Imagen\"]}}]"}}, {"model": "admin.logentry", "pk": 31, "fields": {"action_time": "2023-11-08T18:22:25.269Z", "user": 1, "content_type": 9, "object_id": "2", "object_repr": "El anticristo", "action_flag": 2, "change_message": "[{\"changed\": {\"fields\": [\"Imagen\"]}}]"}}, {"model": "admin.logentry", "pk": 32, "fields": {"action_time": "2023-11-08T18:29:25.882Z", "user": 1, "content_type": 9, "object_id": "2", "object_repr": "El anticristo", "action_flag": 2, "change_message": "[{\"changed\": {\"fields\": [\"Imagen\"]}}]"}}, {"model": "admin.logentry", "pk": 33, "fields": {"action_time": "2023-11-08T18:29:32.838Z", "user": 1, "content_type": 9, "object_id": "2", "object_repr": "El anticristo", "action_flag": 2, "change_message": "[{\"changed\": {\"fields\": [\"Imagen\"]}}]"}}, {"model": "admin.logentry", "pk": 34, "fields": {"action_time": "2023-11-08T18:29:46.019Z", "user": 1, "content_type": 9, "object_id": "2", "object_repr": "El anticristo", "action_flag": 2, "change_message": "[{\"changed\": {\"fields\": [\"Imagen\"]}}]"}}, {"model": "admin.logentry", "pk": 35, "fields": {"action_time": "2023-11-08T18:47:43.527Z", "user": 1, "content_type": 9, "object_id": "2", "object_repr": "El anticristo", "action_flag": 2, "change_message": "[{\"changed\": {\"fields\": [\"Imagen\"]}}]"}}, {"model": "admin.logentry", "pk": 36, "fields": {"action_time": "2023-11-08T18:47:52.417Z", "user": 1, "content_type": 9, "object_id": "2", "object_repr": "El anticristo", "action_flag": 2, "change_message": "[{\"changed\": {\"fields\": [\"Imagen\"]}}]"}}, {"model": "admin.logentry", "pk": 37, "fields": {"action_time": "2023-11-08T18:49:35.235Z", "user": 1, "content_type": 9, "object_id": "2", "object_repr": "El anticristo", "action_flag": 2, "change_message": "[{\"changed\": {\"fields\": [\"Imagen\"]}}]"}}, {"model": "admin.logentry", "pk": 38, "fields": {"action_time": "2023-11-08T18:49:39.338Z", "user": 1, "content_type": 9, "object_id": "2", "object_repr": "El anticristo", "action_flag": 2, "change_message": "[{\"changed\": {\"fields\": [\"Imagen\"]}}]"}}, {"model": "admin.logentry", "pk": 39, "fields": {"action_time": "2023-11-08T18:50:23.940Z", "user": 1, "content_type": 9, "object_id": "2", "object_repr": "El anticristo", "action_flag": 2, "change_message": "[{\"changed\": {\"fields\": [\"Imagen\"]}}]"}}, {"model": "admin.logentry", "pk": 40, "fields": {"action_time": "2023-11-08T18:50:27.819Z", "user": 1, "content_type": 9, "object_id": "2", "object_repr": "El anticristo", "action_flag": 2, "change_message": "[{\"changed\": {\"fields\": [\"Imagen\"]}}]"}}, {"model": "admin.logentry", "pk": 41, "fields": {"action_time": "2023-11-08T18:50:51.935Z", "user": 1, "content_type": 9, "object_id": "2", "object_repr": "El anticristo", "action_flag": 2, "change_message": "[{\"changed\": {\"fields\": [\"Imagen\"]}}]"}}, {"model": "admin.logentry", "pk": 42, "fields": {"action_time": "2023-11-08T18:50:56.696Z", "user": 1, "content_type": 9, "object_id": "2", "object_repr": "El anticristo", "action_flag": 2, "change_message": "[{\"changed\": {\"fields\": [\"Imagen\"]}}]"}}, {"model": "admin.logentry", "pk": 43, "fields": {"action_time": "2023-11-08T18:56:24.804Z", "user": 1, "content_type": 9, "object_id": "2", "object_repr": "El anticristo", "action_flag": 2, "change_message": "[{\"changed\": {\"fields\": [\"Imagen\"]}}]"}}, {"model": "admin.logentry", "pk": 44, "fields": {"action_time": "2023-11-08T18:56:30.013Z", "user": 1, "content_type": 9, "object_id": "2", "object_repr": "El anticristo", "action_flag": 2, "change_message": "[{\"changed\": {\"fields\": [\"Imagen\"]}}]"}}, {"model": "admin.logentry", "pk": 45, "fields": {"action_time": "2023-11-08T19:03:55.569Z", "user": 1, "content_type": 9, "object_id": "2", "object_repr": "El anticristo", "action_flag": 2, "change_message": "[{\"changed\": {\"fields\": [\"Imagen\"]}}]"}}, {"model": "admin.logentry", "pk": 46, "fields": {"action_time": "2023-11-08T19:04:00.830Z", "user": 1, "content_type": 9, "object_id": "2", "object_repr": "El anticristo", "action_flag": 2, "change_message": "[{\"changed\": {\"fields\": [\"Imagen\"]}}]"}}, {"model": "admin.logentry", "pk": 47, "fields": {"action_time": "2023-11-08T19:04:22.543Z", "user": 1, "content_type": 9, "object_id": "2", "object_repr": "El anticristo", "action_flag": 2, "change_message": "[{\"changed\": {\"fields\": [\"Imagen\"]}}]"}}, {"model": "admin.logentry", "pk": 48, "fields": {"action_time": "2023-11-08T19:04:26.937Z", "user": 1, "content_type": 9, "object_id": "2", "object_repr": "El anticristo", "action_flag": 2, "change_message": "[{\"changed\": {\"fields\": [\"Imagen\"]}}]"}}, {"model": "admin.logentry", "pk": 49, "fields": {"action_time": "2023-11-08T19:09:30.460Z", "user": 1, "content_type": 9, "object_id": "2", "object_repr": "El anticristo", "action_flag": 2, "change_message": "[{\"changed\": {\"fields\": [\"Imagen\"]}}]"}}, {"model": "admin.logentry", "pk": 50, "fields": {"action_time": "2023-11-08T19:09:36.508Z", "user": 1, "content_type": 9, "object_id": "2", "object_repr": "El anticristo", "action_flag": 2, "change_message": "[{\"changed\": {\"fields\": [\"Imagen\"]}}]"}}, {"model": "admin.logentry", "pk": 51, "fields": {"action_time": "2023-11-08T19:09:46.061Z", "user": 1, "content_type": 9, "object_id": "2", "object_repr": "El anticristo", "action_flag": 2, "change_message": "[{\"changed\": {\"fields\": [\"Imagen\"]}}]"}}, {"model": "admin.logentry", "pk": 52, "fields": {"action_time": "2023-11-09T12:05:55.464Z", "user": 1, "content_type": 9, "object_id": "3", "object_repr": "El contrato social", "action_flag": 1, "change_message": "[{\"added\": {}}]"}}, {"model": "admin.logentry", "pk": 53, "fields": {"action_time": "2023-11-09T12:10:38.767Z", "user": 1, "content_type": 9, "object_id": "4", "object_repr": "Ética a Nicómano", "action_flag": 1, "change_message": "[{\"added\": {}}]"}}, {"model": "admin.logentry", "pk": 54, "fields": {"action_time": "2023-11-09T12:14:56.998Z", "user": 1, "content_type": 9, "object_id": "5", "object_repr": "La república de Platón", "action_flag": 1, "change_message": "[{\"added\": {}}]"}}, {"model": "admin.logentry", "pk": 55, "fields": {"action_time": "2023-11-09T12:19:09.923Z", "user": 1, "content_type": 9, "object_id": "6", "object_repr": "Crítica de la razón pura", "action_flag": 1, "change_message": "[{\"added\": {}}]"}}, {"model": "admin.logentry", "pk": 56, "fields": {"action_time": "2023-11-09T12:23:45.315Z", "user": 1, "content_type": 9, "object_id": "7", "object_repr": "Sobre la libertad", "action_flag": 1, "change_message": "[{\"added\": {}}]"}}, {"model": "admin.logentry", "pk": 57, "fields": {"action_time": "2023-11-09T12:27:02.106Z", "user": 1, "content_type": 9, "object_id": "8", "object_repr": "Ética", "action_flag": 1, "change_message": "[{\"added\": {}}]"}}, {"model": "admin.logentry", "pk": 58, "fields": {"action_time": "2023-11-09T12:30:18.219Z", "user": 1, "content_type": 9, "object_id": "9", "object_repr": "La interpretación de los sueños", "action_flag": 1, "change_message": "[{\"added\": {}}]"}}, {"model": "admin.logentry", "pk": 59, "fields": {"action_time": "2023-11-09T12:33:52.826Z", "user": 1, "content_type": 9, "object_id": "10", "object_repr": "Caos y orden", "action_flag": 1, "change_message": "[{\"added\": {}}]"}}, {"model": "admin.logentry", "pk": 60, "fields": {"action_time": "2023-11-09T12:37:26.996Z", "user": 1, "content_type": 9, "object_id": "11", "object_repr": "El problema de Spinoza", "action_flag": 1, "change_message": "[{\"added\": {}}]"}}, {"model": "admin.logentry", "pk": 61, "fields": {"action_time": "2023-11-09T12:39:00.647Z", "user": 1, "content_type": 9, "object_id": "12", "object_repr": "El capitán alatriste", "action_flag": 1, "change_message": "[{\"added\": {}}]"}}, {"model": "admin.logentry", "pk": 62, "fields": {"action_time": "2023-11-09T12:40:32.103Z", "user": 1, "content_type": 9, "object_id": "12", "object_repr": "El capitán alatriste", "action_flag": 2, "change_message": "[{\"changed\": {\"fields\": [\"Imagen\"]}}]"}}, {"model": "admin.logentry", "pk": 63, "fields": {"action_time": "2023-11-09T12:42:40.941Z", "user": 1, "content_type": 9, "object_id": "13", "object_repr": "Los pilares de la tierra", "action_flag": 1, "change_message": "[{\"added\": {}}]"}}, {"model": "admin.logentry", "pk": 64, "fields": {"action_time": "2023-11-09T12:47:07.014Z", "user": 1, "content_type": 9, "object_id": "14", "object_repr": "Las ninfas", "action_flag": 1, "change_message": "[{\"added\": {}}]"}}, {"model": "admin.logentry", "pk": 65, "fields": {"action_time": "2023-11-09T12:50:24.144Z", "user": 1, "content_type": 9, "object_id": "15", "object_repr": "La sombra del águila", "action_flag": 1, "change_message": "[{\"added\": {}}]"}}, {"model": "admin.logentry", "pk": 66, "fields": {"action_time": "2023-11-09T12:53:07.596Z", "user": 1, "content_type": 9, "object_id": "16", "object_repr": "La caída de los gigantes", "action_flag": 1, "change_message": "[{\"added\": {}}]"}}, {"model": "admin.logentry", "pk": 67, "fields": {"action_time": "2023-11-09T17:13:58.021Z", "user": 1, "content_type": 9, "object_id": "1", "object_repr": "Roma soy yo", "action_flag": 2, "change_message": "[{\"changed\": {\"fields\": [\"Imagen\"]}}]"}}, {"model": "admin.logentry", "pk": 68, "fields": {"action_time": "2023-11-10T07:50:52.189Z", "user": 1, "content_type": 9, "object_id": "17", "object_repr": "Don Juan Tenorio", "action_flag": 1, "change_message": "[{\"added\": {}}]"}}, {"model": "admin.logentry", "pk": 69, "fields": {"action_time": "2023-11-10T07:54:09.235Z", "user": 1, "content_type": 9, "object_id": "18", "object_repr": "Crimen y Castigo", "action_flag": 1, "change_message": "[{\"added\": {}}]"}}, {"model": "admin.logentry", "pk": 70, "fields": {"action_time": "2023-11-10T07:57:20.447Z", "user": 1, "content_type": 9, "object_id": "19", "object_repr": "La metamorfosis", "action_flag": 1, "change_message": "[{\"added\": {}}]"}}, {"model": "admin.logentry", "pk": 71, "fields": {"action_time": "2023-11-10T07:59:48.805Z", "user": 1, "content_type": 9, "object_id": "20", "object_repr": "Guerra y paz", "action_flag": 1, "change_message": "[{\"added\": {}}]"}}, {"model": "admin.logentry", "pk": 72, "fields": {"action_time": "2023-11-10T08:01:43.782Z", "user": 1, "content_type": 9, "object_id": "21", "object_repr": "Sidhharta", "action_flag": 1, "change_message": "[{\"added\": {}}]"}}, {"model": "admin.logentry", "pk": 73, "fields": {"action_time": "2023-11-10T08:04:04.472Z", "user": 1, "content_type": 9, "object_id": "22", "object_repr": "Werther", "action_flag": 1, "change_message": "[{\"added\": {}}]"}}, {"model": "admin.logentry", "pk": 74, "fields": {"action_time": "2023-11-10T08:07:22.356Z", "user": 1, "content_type": 9, "object_id": "23", "object_repr": "Resurreción", "action_flag": 1, "change_message": "[{\"added\": {}}]"}}, {"model": "admin.logentry", "pk": 75, "fields": {"action_time": "2023-11-10T08:10:01.157Z", "user": 1, "content_type": 9, "object_id": "24", "object_repr": "La prisionera", "action_flag": 1, "change_message": "[{\"added\": {}}]"}}, {"model": "admin.logentry", "pk": 76, "fields": {"action_time": "2023-11-10T08:13:38.857Z", "user": 1, "content_type": 9, "object_id": "25", "object_repr": "Las aventuras de Oliver Twist", "action_flag": 1, "change_message": "[{\"added\": {}}]"}}, {"model": "admin.logentry", "pk": 77, "fields": {"action_time": "2023-11-10T08:16:14.591Z", "user": 1, "content_type": 9, "object_id": "26", "object_repr": "La importancia de llamarse Ernesto", "action_flag": 1, "change_message": "[{\"added\": {}}]"}}, {"model": "admin.logentry", "pk": 78, "fields": {"action_time": "2023-11-10T08:17:48.264Z", "user": 1, "content_type": 9, "object_id": "27", "object_repr": "El fantasma de Canterville", "action_flag": 1, "change_message": "[{\"added\": {}}]"}}, {"model": "admin.logentry", "pk": 79, "fields": {"action_time": "2023-11-10T08:20:10.046Z", "user": 1, "content_type": 9, "object_id": "28", "object_repr": "La divina comedia", "action_flag": 1, "change_message": "[{\"added\": {}}]"}}, {"model": "admin.logentry", "pk": 80, "fields": {"action_time": "2023-11-10T08:21:59.891Z", "user": 1, "content_type": 9, "object_id": "29", "object_repr": "La celestina", "action_flag": 1, "change_message": "[{\"added\": {}}]"}}, {"model": "admin.logentry", "pk": 81, "fields": {"action_time": "2023-11-10T08:25:04.592Z", "user": 1, "content_type": 9, "object_id": "30", "object_repr": "Bodas de sangre", "action_flag": 1, "change_message": "[{\"added\": {}}]"}}, {"model": "admin.logentry", "pk": 82, "fields": {"action_time": "2023-11-10T08:26:39.309Z", "user": 1, "content_type": 9, "object_id": "31", "object_repr": "Edipo Rey", "action_flag": 1, "change_message": "[{\"added\": {}}]"}}, {"model": "admin.logentry", "pk": 83, "fields": {"action_time": "2023-11-10T08:28:34.657Z", "user": 1, "content_type": 9, "object_id": "32", "object_repr": "Historia de una escalera", "action_flag": 1, "change_message": "[{\"added\": {}}]"}}, {"model": "admin.logentry", "pk": 84, "fields": {"action_time": "2023-11-10T09:14:43.541Z", "user": 1, "content_type": 9, "object_id": "21", "object_repr": "Sidhharta", "action_flag": 2, "change_message": "[{\"changed\": {\"fields\": [\"Imagen\"]}}]"}}, {"model": "admin.logentry", "pk": 85, "fields": {"action_time": "2023-11-10T09:14:49.610Z", "user": 1, "content_type": 9, "object_id": "21", "object_repr": "Sidhharta", "action_flag": 2, "change_message": "[]"}}, {"model": "admin.logentry", "pk": 86, "fields": {"action_time": "2023-11-10T10:18:34.023Z", "user": 1, "content_type": 9, "object_id": "10", "object_repr": "Caos y orden", "action_flag": 2, "change_message": "[{\"changed\": {\"fields\": [\"Imagen\"]}}]"}}, {"model": "admin.logentry", "pk": 87, "fields": {"action_time": "2023-11-10T10:31:50.463Z", "user": 1, "content_type": 9, "object_id": "27", "object_repr": "El fantasma de Canterville", "action_flag": 2, "change_message": "[{\"changed\": {\"fields\": [\"Imagen\"]}}]"}}, {"model": "admin.logentry", "pk": 88, "fields": {"action_time": "2023-11-10T10:32:59.709Z", "user": 1, "content_type": 9, "object_id": "27", "object_repr": "El fantasma de Canterville", "action_flag": 2, "change_message": "[{\"changed\": {\"fields\": [\"Imagen\"]}}]"}}, {"model": "admin.logentry", "pk": 89, "fields": {"action_time": "2023-11-10T10:36:44.606Z", "user": 1, "content_type": 9, "object_id": "33", "object_repr": "Un cuerpo agotado", "action_flag": 1, "change_message": "[{\"added\": {}}]"}}, {"model": "admin.logentry", "pk": 90, "fields": {"action_time": "2023-11-10T10:39:16.288Z", "user": 1, "content_type": 9, "object_id": "34", "object_repr": "Brillo por tu ausencia", "action_flag": 1, "change_message": "[{\"added\": {}}]"}}, {"model": "admin.logentry", "pk": 91, "fields": {"action_time": "2023-11-10T16:03:38.684Z", "user": 1, "content_type": 9, "object_id": "35", "object_repr": "Hojas de hierba", "action_flag": 1, "change_message": "[{\"added\": {}}]"}}, {"model": "admin.logentry", "pk": 92, "fields": {"action_time": "2023-11-10T16:04:45.219Z", "user": 1, "content_type": 9, "object_id": "36", "object_repr": "Veinte poemas de amor y una canción desesperada", "action_flag": 1, "change_message": "[{\"added\": {}}]"}}, {"model": "admin.logentry", "pk": 93, "fields": {"action_time": "2023-11-10T16:05:49.567Z", "user": 1, "content_type": 9, "object_id": "37", "object_repr": "Poeta en Nueva York", "action_flag": 1, "change_message": "[{\"added\": {}}]"}}, {"model": "admin.logentry", "pk": 94, "fields": {"action_time": "2023-11-10T16:07:37.295Z", "user": 1, "content_type": 9, "object_id": "38", "object_repr": "Iliada", "action_flag": 1, "change_message": "[{\"added\": {}}]"}}, {"model": "admin.logentry", "pk": 95, "fields": {"action_time": "2023-11-29T21:08:49.118Z", "user": 1, "content_type": 7, "object_id": "5", "object_repr": "Poesía", "action_flag": 2, "change_message": "[{\"changed\": {\"fields\": [\"Descripcion\"]}}]"}}, {"model": "admin.logentry", "pk": 96, "fields": {"action_time": "2023-11-29T21:09:07.799Z", "user": 1, "content_type": 7, "object_id": "1", "object_repr": "Novela", "action_flag": 2, "change_message": "[{\"changed\": {\"fields\": [\"Descripcion\"]}}]"}}, {"model": "admin.logentry", "pk": 97, "fields": {"action_time": "2023-11-29T21:09:25.746Z", "user": 1, "content_type": 7, "object_id": "3", "object_repr": "Literatura Clásica", "action_flag": 2, "change_message": "[{\"changed\": {\"fields\": [\"Descripcion\"]}}]"}}, {"model": "admin.logentry", "pk": 98, "fields": {"action_time": "2023-11-29T21:10:39.272Z", "user": 1, "content_type": 7, "object_id": "4", "object_repr": "Teatro", "action_flag": 2, "change_message": "[{\"changed\": {\"fields\": [\"Descripcion\"]}}]"}}, {"model": "admin.logentry", "pk": 99, "fields": {"action_time": "2023-11-29T21:11:11.223Z", "user": 1, "content_type": 7, "object_id": "2", "object_repr": "Filosofía", "action_flag": 2, "change_message": "[{\"changed\": {\"fields\": [\"Descripcion\"]}}]"}}, {"model": "admin.logentry", "pk": 100, "fields": {"action_time": "2023-12-02T16:01:05.945Z", "user": 1, "content_type": 9, "object_id": "42", "object_repr": "Vida de Pi", "action_flag": 3, "change_message": ""}}, {"model": "admin.logentry", "pk": 101, "fields": {"action_time": "2023-12-02T16:01:08.642Z", "user": 1, "content_type": 9, "object_id": "41", "object_repr": "Vida de Pi", "action_flag": 3, "change_message": ""}}, {"model": "admin.logentry", "pk": 102, "fields": {"action_time": "2023-12-02T16:01:11.065Z", "user": 1, "content_type": 9, "object_id": "40", "object_repr": "Vida de Pi", "action_flag": 3, "change_message": ""}}, {"model": "admin.logentry", "pk": 103, "fields": {"action_time": "2023-12-02T16:01:13.381Z", "user": 1, "content_type": 9, "object_id": "39", "object_repr": "Vida de Pi", "action_flag": 3, "change_message": ""}}, {"model": "admin.logentry", "pk": 104, "fields": {"action_time": "2023-12-02T16:01:55.940Z", "user": 1, "content_type": 9, "object_id": "44", "object_repr": "La Vida de Pi", "action_flag": 3, "change_message": ""}}, {"model": "admin.logentry", "pk": 105, "fields": {"action_time": "2023-12-02T16:11:57.250Z", "user": 1, "content_type": 9, "object_id": "45", "object_repr": "La Vida de Pi", "action_flag": 3, "change_message": ""}}, {"model": "admin.logentry", "pk": 106, "fields": {"action_time": "2023-12-02T16:32:14.104Z", "user": 1, "content_type": 9, "object_id": "43", "object_repr": "La Vida de Pi", "action_flag": 2, "change_message": "[{\"changed\": {\"fields\": [\"Aprobado\"]}}]"}}, {"model": "admin.logentry", "pk": 107, "fields": {"action_time": "2023-12-02T16:33:45.920Z", "user": 1, "content_type": 9, "object_id": "38", "object_repr": "Iliada", "action_flag": 2, "change_message": "[{\"changed\": {\"fields\": [\"Aprobado\"]}}]"}}, {"model": "admin.logentry", "pk": 108, "fields": {"action_time": "2023-12-02T16:33:48.552Z", "user": 1, "content_type": 9, "object_id": "37", "object_repr": "Poeta en Nueva York", "action_flag": 2, "change_message": "[]"}}, {"model": "admin.logentry", "pk": 109, "fields": {"action_time": "2023-12-02T16:33:51.652Z", "user": 1, "content_type": 9, "object_id": "37", "object_repr": "Poeta en Nueva York", "action_flag": 2, "change_message": "[{\"changed\": {\"fields\": [\"Aprobado\"]}}]"}}, {"model": "admin.logentry", "pk": 110, "fields": {"action_time": "2023-12-02T16:36:21.678Z", "user": 1, "content_type": 9, "object_id": "36", "object_repr": "Veinte poemas de amor y una canción desesperada", "action_flag": 2, "change_message": "[{\"changed\": {\"fields\": [\"Aprobado\"]}}]"}}, {"model": "admin.logentry", "pk": 111, "fields": {"action_time": "2023-12-02T16:36:24.983Z", "user": 1, "content_type": 9, "object_id": "35", "object_repr": "Hojas de hierba", "action_flag": 2, "change_message": "[{\"changed\": {\"fields\": [\"Aprobado\"]}}]"}}, {"model": "admin.logentry", "pk": 112, "fields": {"action_time": "2023-12-02T16:59:37.660Z", "user": 1, "content_type": 9, "object_id": "26", "object_repr": "La importancia de llamarse Ernesto", "action_flag": 2, "change_message": "[{\"changed\": {\"fields\": [\"Descripcion\"]}}]"}}, {"model": "auth.permission", "pk": 1, "fields": {"name": "Can add log entry", "content_type": 1, "codename": "add_logentry"}}, {"model": "auth.permission", "pk": 2, "fields": {"name": "Can change log entry", "content_type": 1, "codename": "change_logentry"}}, {"model": "auth.permission", "pk": 3, "fields": {"name": "Can delete log entry", "content_type": 1, "codename": "delete_logentry"}}, {"model": "auth.permission", "pk": 4, "fields": {"name": "Can view log entry", "content_type": 1, "codename": "view_logentry"}}, {"model": "auth.permission", "pk": 5, "fields": {"name": "Can add permission", "content_type": 2, "codename": "add_permission"}}, {"model": "auth.permission", "pk": 6, "fields": {"name": "Can change permission", "content_type": 2, "codename": "change_permission"}}, {"model": "auth.permission", "pk": 7, "fields": {"name": "Can delete permission", "content_type": 2, "codename": "delete_permission"}}, {"model": "auth.permission", "pk": 8, "fields": {"name": "Can view permission", "content_type": 2, "codename": "view_permission"}}, {"model": "auth.permission", "pk": 9, "fields": {"name": "Can add group", "content_type": 3, "codename": "add_group"}}, {"model": "auth.permission", "pk": 10, "fields": {"name": "Can change group", "content_type": 3, "codename": "change_group"}}, {"model": "auth.permission", "pk": 11, "fields": {"name": "Can delete group", "content_type": 3, "codename": "delete_group"}}, {"model": "auth.permission", "pk": 12, "fields": {"name": "Can view group", "content_type": 3, "codename": "view_group"}}, {"model": "auth.permission", "pk": 13, "fields": {"name": "Can add user", "content_type": 4, "codename": "add_user"}}, {"model": "auth.permission", "pk": 14, "fields": {"name": "Can change user", "content_type": 4, "codename": "change_user"}}, {"model": "auth.permission", "pk": 15, "fields": {"name": "Can delete user", "content_type": 4, "codename": "delete_user"}}, {"model": "auth.permission", "pk": 16, "fields": {"name": "Can view user", "content_type": 4, "codename": "view_user"}}, {"model": "auth.permission", "pk": 17, "fields": {"name": "Can add content type", "content_type": 5, "codename": "add_contenttype"}}, {"model": "auth.permission", "pk": 18, "fields": {"name": "Can change content type", "content_type": 5, "codename": "change_contenttype"}}, {"model": "auth.permission", "pk": 19, "fields": {"name": "Can delete content type", "content_type": 5, "codename": "delete_contenttype"}}, {"model": "auth.permission", "pk": 20, "fields": {"name": "Can view content type", "content_type": 5, "codename": "view_contenttype"}}, {"model": "auth.permission", "pk": 21, "fields": {"name": "Can add session", "content_type": 6, "codename": "add_session"}}, {"model": "auth.permission", "pk": 22, "fields": {"name": "Can change session", "content_type": 6, "codename": "change_session"}}, {"model": "auth.permission", "pk": 23, "fields": {"name": "Can delete session", "content_type": 6, "codename": "delete_session"}}, {"model": "auth.permission", "pk": 24, "fields": {"name": "Can view session", "content_type": 6, "codename": "view_session"}}, {"model": "auth.permission", "pk": 25, "fields": {"name": "Can add idioma", "content_type": 8, "codename": "add_idioma"}}, {"model": "auth.permission", "pk": 26, "fields": {"name": "Can change idioma", "content_type": 8, "codename": "change_idioma"}}, {"model": "auth.permission", "pk": 27, "fields": {"name": "Can delete idioma", "content_type": 8, "codename": "delete_idioma"}}, {"model": "auth.permission", "pk": 28, "fields": {"name": "Can view idioma", "content_type": 8, "codename": "view_idioma"}}, {"model": "auth.permission", "pk": 29, "fields": {"name": "Can add genero", "content_type": 7, "codename": "add_genero"}}, {"model": "auth.permission", "pk": 30, "fields": {"name": "Can change genero", "content_type": 7, "codename": "change_genero"}}, {"model": "auth.permission", "pk": 31, "fields": {"name": "Can delete genero", "content_type": 7, "codename": "delete_genero"}}, {"model": "auth.permission", "pk": 32, "fields": {"name": "Can view genero", "content_type": 7, "codename": "view_genero"}}, {"model": "auth.permission", "pk": 33, "fields": {"name": "Can add libro", "content_type": 9, "codename": "add_libro"}}, {"model": "auth.permission", "pk": 34, "fields": {"name": "Can change libro", "content_type": 9, "codename": "change_libro"}}, {"model": "auth.permission", "pk": 35, "fields": {"name": "Can delete libro", "content_type": 9, "codename": "delete_libro"}}, {"model": "auth.permission", "pk": 36, "fields": {"name": "Can view libro", "content_type": 9, "codename": "view_libro"}}, {"model": "auth.user", "pk": 1, "fields": {"password": "pbkdf2_sha256$600000$orBt2ILWzIjPbcKkLcvv6W$RYKR7YBQqYEyDjRsMMns3cDtaF7pdoJt50kIEpWMLPU=", "last_login": "2023-11-29T21:08:18.737Z", "is_superuser": true, "username": "adminDjango", "first_name": "", "last_name": "", "email": "adminDjango@gmail.com", "is_staff": true, "is_active": true, "date_joined": "2023-11-02T10:22:12.092Z", "groups": [], "user_permissions": []}}, {"model": "contenttypes.contenttype", "pk": 1, "fields": {"app_label": "admin", "model": "logentry"}}, {"model": "contenttypes.contenttype", "pk": 2, "fields": {"app_label": "auth", "model": "permission"}}, {"model": "contenttypes.contenttype", "pk": 3, "fields": {"app_label": "auth", "model": "group"}}, {"model": "contenttypes.contenttype", "pk": 4, "fields": {"app_label": "auth", "model": "user"}}, {"model": "contenttypes.contenttype", "pk": 5, "fields": {"app_label": "contenttypes", "model": "contenttype"}}, {"model": "contenttypes.contenttype", "pk": 6, "fields": {"app_label": "sessions", "model": "session"}}, {"model": "contenttypes.contenttype", "pk": 7, "fields": {"app_label": "appmyebook", "model": "genero"}}, {"model": "contenttypes.contenttype", "pk": 8, "fields": {"app_label": "appmyebook", "model": "idioma"}}, {"model": "contenttypes.contenttype", "pk": 9, "fields": {"app_label": "appmyebook", "model": "libro"}}, {"model": "sessions.session", "pk": "77vs0uiet0oxanrzvczjyxbvymafbobm", "fields": {"session_data": ".eJxVjEEOwiAQRe_C2jQgpYBLXXsGMsNMLYqQlHZlvLs16UK3_73_XiLAukxhbTyHROIklDj8bgjxweUL6A7lVrtYyzIn7L5Kt9PWXStxPu_uX2CCNm1vliNqg1brwVCvnDUGWTqPIH2vtDPakgEcQbJFJzmCh4jWKzOMvabjFk2U6hNC48wxplqA6ha-QFs4ZyhVvD9ZWUSA:1r1U30:eeQS61pD-WxLIVKZM4dl_vUb60r7IKaDO6Us66kgSbI", "expire_date": "2023-11-24T16:07:54.836Z"}}, {"model": "sessions.session", "pk": "a22o0111bg3fpdf24a15at79p87c9qpq", "fields": {"session_data": ".eJxVjEEOwiAQRe_C2hAQpoBL9z0DmYFBqoYmpV0Z765NutDtf-_9l4i4rTVunZc4ZXERWpx-N8L04LaDfMd2m2Wa27pMJHdFHrTLcc78vB7u30HFXr81q0IGyBkzQLbaOwBi5QOhClYbD8ZlQCqo2JFXnDBgIhc0DMWafBbvD9e0N9E:1r17rq:CKg0XLopu1XpXpv-yeWjiaZtRxNttwu_4heAYvDzxfQ", "expire_date": "2023-11-23T16:26:54.822Z"}}, {"model": "sessions.session", "pk": "eya250vqfkp467duu0j1r5z2sgtty4uw", "fields": {"session_data": "eyJpZGlvbWFfc2VsZWNjaW9uYWRvIjoiY2FzdGVsbGFubyJ9:1r0lHA:oXAUdXC7r3rQ_4Rl7cbXuzyb6vho8YgLVi-HmBe67A8", "expire_date": "2023-11-22T16:19:32.742Z"}}, {"model": "sessions.session", "pk": "gwng1ftak14k75fq9qyiukhi5mp5uke0", "fields": {"session_data": ".eJxVjEEOwiAQRe_C2jQgpYBLXXsGMsNMLYqQlHZlvLs16UK3_73_XiLAukxhbTyHROIklDj8bgjxweUL6A7lVrtYyzIn7L5Kt9PWXStxPu_uX2CCNm1vliNqg1brwVCvnDUGWTqPIH2vtDPakgEcQbJFJzmCh4jWKzOMvabjFk2U6hNC48wxplqA6ha-QFs4ZyhVvD9ZWUSA:1r18rv:f9qRXYG9n3TIIBe4N5smrHGpiDn9y12K4tmG75GomgQ", "expire_date": "2023-11-23T17:31:03.862Z"}}, {"model": "sessions.session", "pk": "pmampkuglyxx8uzv78emgz3wlttdb80q", "fields": {"session_data": ".eJxVjEEOwiAQRe_C2jQgpYBLXXsGMsNMLYqQlHZlvLs26abb_977H5Eo1TeExpljTLUAVXERN2gL5wylipMIsC5TWBvPIdEfquOGEF9cNkBPKI_axVqWOWG3Kd1OW3evxPm6u4eDCdr0r1mOqA1arQdDvXLWGGTpPIL0vdLOaEsGcATJFp3kCB4iWq_MMPaazuL7A0ASRIA:1r1NcH:Ps4siVE4GigrcUX1UXS0ixOPsbVW8et-dQ-H70li-8g", "expire_date": "2023-11-24T09:15:53.661Z"}}, {"model": "sessions.session", "pk": "qg1tkejiaa7anvfmn1p0lkmyux6qh2eg", "fields": {"session_data": "eyJpZGlvbWFfc2VsZWNjaW9uYWRvIjoiRXVza2VyYSJ9:1r14cf:5O_MglNLwM5sM4dbUjDPf-olagYek9BTqIR3Z7F_pOk", "expire_date": "2023-11-23T12:59:01.566Z"}}, {"model": "sessions.session", "pk": "vtaxu8w6egj3x7aouggmx6l5njmov9qs", "fields": {"session_data": ".eJxVjEEOgyAQRe_CujFQRKDLJl32DGSGGSvVQiK6anr3auLG7X_v_a9IlMoHQuWJY0wlAxVxE4-1jjyDuIgA6zKEtfIcEm1EnTeEOHLeAb0hv0oTS17mhM2uNAetzbMQT_fDPR0MUIetZtmjNmi17gy1ylljkKXzCNK3SjujLRnAHiRbdJIjeIhovTJd32q6it8fStNDSg:1r8Rn8:Ei2eKFpoDw6v16PSmAy3CNsTlHc9M03QaxghiJqqjds", "expire_date": "2023-12-13T21:08:18.748Z"}}, {"model": "sessions.session", "pk": "w8f0d56z50i2rwfo43b32zxldpopp5wn", "fields": {"session_data": "eyJpZGlvbWFfc2VsZWNjaW9uYWRvIjoiY2FzdGVsbGFubyJ9:1r0lGl:SMCuuMOa2qErWq5hcSFQyfx7w6s9jghtk9IKhbpefBI", "expire_date": "2023-11-22T16:19:07.820Z"}}, {"model": "sessions.session", "pk": "wu0tgtn85yc67sko2i7yyfmd6ei9drrc", "fields": {"session_data": ".eJxVjEEOwiAQRe_C2hAQpoBL9z0DmYFBqoYmpV0Z765NutDtf-_9l4i4rTVunZc4ZXERWpx-N8L04LaDfMd2m2Wa27pMJHdFHrTLcc78vB7u30HFXr81q0IGyBkzQLbaOwBi5QOhClYbD8ZlQCqo2JFXnDBgIhc0DMWafBbvD9e0N9E:1r13i4:8CNgG2yPsQLwBVpT58N8QiD7rnNEzsnmLcpuMjALgLI", "expire_date": "2023-11-23T12:00:32.247Z"}}]